slug,project_id,title,downloads,categories,game_versions,highest_game_version
intermediate-version,FTVRwnKz,Intermediate Version,7551,"['adventure', 'challenging', 'combat', 'magic', 'multiplayer', 'neoforge', 'quests']","['1.21.10', '1.21.11', '26.1.2']",26.1.2
diamond-age,pNnoGEaL,Diamond Age,4180,"['adventure', 'challenging', 'combat', 'fabric', 'lightweight', 'multiplayer', 'optimization', 'quests', 'technology']","['1.21.8', '1.21.9', '1.21.10', '1.21.11', '26.1', '26.1.1', '26.1.2']",26.1.2
wynncraft-for-lunar-client,cqIwxyhH,Wynncraft for Lunar Client,458838,"['combat', 'fabric', 'multiplayer', 'optimization', 'quests']","['1.20.2', '1.21', '1.21.4', '1.21.11']",1.21.11
hypixel-skyblock-for-lunar-client,6jLwq7KU,Hypixel Skyblock for Lunar Client,225578,"['adventure', 'fabric', 'multiplayer', 'quests']","['1.21.5', '1.21.8', '1.21.10', '1.21.11']",1.21.11
buildingblocks_mp,AUjKhsyg,Building Blocks,16616,"['fabric', 'kitchen-sink', 'optimization']","['1.20.4', '1.21.1', '1.21.4', '1.21.11']",1.21.11
wynnx,HgC3DRqt,WynnX,7154,"['adventure', 'challenging', 'combat', 'fabric', 'magic', 'multiplayer', 'optimization', 'quests']","['1.21.1', '1.21.4', '1.21.11']",1.21.11
seriouspack,q6Rv7fbj,SeriousPack,3047,"['adventure', 'challenging', 'combat', 'fabric', 'kitchen-sink', 'magic', 'multiplayer', 'quests', 'technology']","['1.20.1', '1.21', '1.21.11']",1.21.11
legacy-minecraft,g9O0WaGR,Re-Console+,482077,"['fabric', 'forge', 'kitchen-sink', 'multiplayer', 'neoforge', 'optimization', 'quilt']","['1.20.1', '1.20.4', '1.20.6', '1.21', '1.21.1', '1.21.3', '1.21.4', '1.21.5', '1.21.8', '1.21.10']",1.21.10
foodies-pak,9W4L3yfI,[1.21.10] Foodie’s Pak ❄️,4448,"['adventure', 'fabric', 'kitchen-sink', 'optimization', 'quilt']","['1.19.2', '1.19.4', '1.20.1', '1.21.1', '1.21.8', '1.21.10']",1.21.10
starlev,YF3uZ3Ay,Starlev's Optimized | Hypixel Skyblock,3119,"['adventure', 'combat', 'fabric', 'lightweight', 'magic', 'multiplayer', 'optimization', 'quests', 'quilt']","['1.20.4', '1.21', '1.21.1', '1.21.3', '1.21.4', '1.21.5', '1.21.10']",1.21.10
senseis-fps-boost,cN39UFFx,Sensei's FPS Boost,3102,"['adventure', 'combat', 'fabric', 'kitchen-sink', 'lightweight', 'multiplayer', 'optimization']","['1.21', '1.21.1', '1.21.2', '1.21.3', '1.21.4', '1.21.5', '1.21.6', '1.21.7', '1.21.8', '1.21.9', '1.21.10']",1.21.10
recorders-modpack,oM4nvDiZ,[Discontinued],7827,"['adventure', 'combat', 'fabric', 'kitchen-sink', 'lightweight', 'multiplayer', 'optimization', 'technology']","['1.0', '1.1', '1.2.1', '1.2.2', '1.2.3', '1.2.4', '1.2.5', '1.3.1', '1.3.2', '1.4.2', '1.4.4', '1.4.5', '1.4.6', '1.4.7', '1.5.1', '1.5.2', '1.6.1', '1.6.2', '1.6.4', '1.7.2', '1.7.3', '1.7.4', '1.7.5', '1.7.6', '1.7.7', '1.7.8', '1.7.9', '1.7.10', '1.8', '1.8.1', '1.8.2', '1.8.3', '1.8.4', '1.8.5', '1.8.6', '1.8.7', '1.8.8', '1.8.9', '1.9', '1.9.1', '1.9.2', '1.9.3', '1.9.4', '1.10', '1.10.1', '1.10.2', '1.11', '1.11.1', '1.11.2', '1.12', '1.12.1', '1.12.2', '1.13', '1.13.1', '1.13.2', '1.14', '1.14.1', '1.14.2', '1.14.3', '1.14.4', '1.15', '1.15.1', '1.15.2', '1.16', '1.16.1', '1.16.2', '1.16.3', '1.16.4', '1.16.5', '1.17', '1.17.1', '1.18', '1.18.1', '1.18.2', '1.19', '1.19.1', '1.19.2', '1.19.3', '1.19.4', '1.20', '1.20.1', '1.20.2', '1.20.3', '1.20.4', '1.20.5', '1.20.6', '1.21', '1.21.1', '1.21.2', '1.21.3', '1.21.4', '1.21.5', '1.21.6', '1.21.7', '1.21.8']",1.21.8
mahers-beyond-vanilla,vIMIg6Ze,Maher's Beyond Vanilla,3010,"['adventure', 'challenging', 'combat', 'fabric', 'kitchen-sink', 'lightweight', 'magic', 'multiplayer', 'optimization', 'quests', 'technology']","['1.21.5', '1.21.6', '1.21.7', '1.21.8']",1.21.8
vulkanmod-ultra,uOzyEqjv,VulkanMod Ultra,4373,"['fabric', 'kitchen-sink', 'multiplayer', 'optimization']",['1.21.5'],1.21.5
nnis-no-need-in-shaders,Lpm60dGo,No Need In Shaders,4240,"['fabric', 'kitchen-sink', 'lightweight', 'optimization']",['1.21.5'],1.21.5
mainly-optimized,oDoIEyBw,Mainly Optimized - Fps modpack,3030,"['adventure', 'challenging', 'combat', 'fabric', 'forge', 'lightweight', 'magic', 'multiplayer', 'optimization', 'quests', 'technology']","['1.8.9', '1.12.2', '1.21.4', '1.21.5']",1.21.5
weapons++,tmPwwGcZ,Weapons++,3008,"['adventure', 'fabric', 'magic', 'quests']",['1.21.5'],1.21.5
minecraft-java-second-edition,aepobEEO,Minecraft: Java Second Edition,4295,"['adventure', 'fabric', 'forge', 'kitchen-sink', 'lightweight', 'multiplayer', 'optimization', 'technology']","['1.20.1', '1.20.4', '1.21', '1.21.4']",1.21.4
the-pixelmon-modpack,vwgtbO0y,The Pixelmon Modpack,1758894,"['adventure', 'forge', 'neoforge', 'quests']","['1.16.5', '1.20.1', '1.20.2', '1.21.1']",1.21.1
cobblemondelta,C9FChyZ3,Cobblemon Delta,1084450,"['adventure', 'fabric', 'lightweight', 'multiplayer', 'optimization', 'quests']","['1.20.1', '1.21.1']",1.21.1
jornadas-cobblemon,7ude6Ebx,Servidor Jornadas Cobblemon,515034,"['adventure', 'fabric', 'multiplayer', 'quests']","['1.20.1', '1.21.1']",1.21.1
blockfront-mod-pack,tT6OXNXX,BlockFront,371042,"['challenging', 'combat', 'multiplayer', 'neoforge', 'quests', 'technology']","['1.20.4', '1.20.6', '1.21.1']",1.21.1
better-mc-fabric-bmc3,NHUidpfR,Better MC [FABRIC] - BMC3,243051,"['adventure', 'challenging', 'combat', 'fabric', 'kitchen-sink', 'lightweight', 'multiplayer', 'optimization']","['1.21', '1.21.1']",1.21.1
better-mc-neoforge-bmc5,B37WQ89b,Better MC [NEOFORGE] BMC5,173630,"['adventure', 'combat', 'multiplayer', 'neoforge', 'optimization', 'quests']",['1.21.1'],1.21.1
cobblemon-island,XAuN8CD3,Cobblemon Islands,164755,"['adventure', 'challenging', 'combat', 'fabric', 'forge', 'lightweight', 'multiplayer', 'optimization', 'quests']","['1.20.1', '1.21.1']",1.21.1
